{"cameraMode":{"drawMode":0,"name":"Shaded","section":"Shading Mode"},"sceneLighting":true,"audioPlay":false,"sceneViewState":{"showFog":true,"showMaterialUpdate":false,"showSkybox":true,"showFlares":true,"showImageEffects":true,"showParticleSystems":true,"showVisualEffectGraphs":true,"m_FxEnabled":true},"in2DMode":false,"pivot":{"x":2.5691792964935304,"y":12.172004699707032,"z":38.380210876464847},"rotation":{"x":-0.02130611427128315,"y":-0.012898959219455719,"z":0.0002770248393062502,"w":-0.9996960163116455},"size":-91.94092559814453,"orthographic":false}