{"cameraMode":{"drawMode":0,"name":"Shaded","section":"Shading Mode"},"sceneLighting":true,"audioPlay":false,"sceneViewState":{"showFog":true,"showMaterialUpdate":false,"showSkybox":false,"showFlares":true,"showImageEffects":true,"showParticleSystems":true,"showVisualEffectGraphs":true,"m_FxEnabled":true},"in2DMode":false,"pivot":{"x":-2.4815313816070558,"y":11.747870445251465,"z":-14.788013458251954},"rotation":{"x":0.08885104209184647,"y":0.17126679420471192,"z":-0.015511657111346722,"w":0.9811545014381409},"size":23.636249542236329,"orthographic":false}