{"cameraMode":{"drawMode":0,"name":"Shaded","section":"Shading Mode"},"sceneLighting":true,"audioPlay":false,"sceneViewState":{"showFog":true,"showMaterialUpdate":false,"showSkybox":true,"showFlares":true,"showImageEffects":true,"showParticleSystems":true,"showVisualEffectGraphs":true,"m_FxEnabled":true},"in2DMode":false,"pivot":{"x":5.289336204528809,"y":1.3882874250411988,"z":2.2489099502563478},"rotation":{"x":0.08236414939165116,"y":-0.43717536330223086,"z":0.04027225077152252,"w":0.8947131037712097},"size":6.600931644439697,"orthographic":false}