{"cameraMode":{"drawMode":0,"name":"Shaded","section":"Shading Mode"},"sceneLighting":true,"audioPlay":false,"sceneViewState":{"showFog":true,"showMaterialUpdate":false,"showSkybox":true,"showFlares":true,"showImageEffects":true,"showParticleSystems":true,"showVisualEffectGraphs":true,"m_FxEnabled":true},"in2DMode":false,"pivot":{"x":-0.2407855987548828,"y":0.8917891979217529,"z":-0.2960944175720215},"rotation":{"x":0.008353098295629025,"y":-0.5727581977844238,"z":-0.005836689379066229,"w":-0.8196618556976318},"size":7.404111862182617,"orthographic":false}