{"cameraMode":{"drawMode":0,"name":"Shaded","section":"Shading Mode"},"sceneLighting":true,"audioPlay":false,"sceneViewState":{"showFog":true,"showMaterialUpdate":false,"showSkybox":true,"showFlares":true,"showImageEffects":true,"showParticleSystems":true,"showVisualEffectGraphs":true,"m_FxEnabled":true},"in2DMode":false,"pivot":{"x":-0.5695991516113281,"y":7.900092124938965,"z":0.9789962768554688},"rotation":{"x":0.0009431633516214788,"y":-0.6102712154388428,"z":-0.0007263196748681366,"w":-0.792192816734314},"size":12.59036636352539,"orthographic":false}