{"cameraMode":{"drawMode":0,"name":"Shaded","section":"Shading Mode"},"sceneLighting":true,"audioPlay":false,"sceneViewState":{"showFog":true,"showMaterialUpdate":false,"showSkybox":true,"showFlares":true,"showImageEffects":true,"showParticleSystems":true,"showVisualEffectGraphs":true,"m_FxEnabled":true},"in2DMode":false,"pivot":{"x":-0.17130587995052339,"y":0.4528994560241699,"z":0.6559537649154663},"rotation":{"x":0.4903680086135864,"y":-0.5065638422966003,"z":0.5389395356178284,"w":0.4610019326210022},"size":-0.045949697494506839,"orthographic":false}