{"cameraMode":{"drawMode":0,"name":"Shaded","section":"Shading Mode"},"sceneLighting":true,"audioPlay":false,"sceneViewState":{"showFog":true,"showMaterialUpdate":false,"showSkybox":true,"showFlares":true,"showImageEffects":true,"showParticleSystems":true,"showVisualEffectGraphs":true,"m_FxEnabled":true},"in2DMode":false,"pivot":{"x":-0.07898330688476563,"y":4.097810745239258,"z":-1.865410566329956},"rotation":{"x":-0.032637301832437518,"y":-0.6355080008506775,"z":0.026904359459877015,"w":-0.7709364295005798},"size":3.243882894515991,"orthographic":false}