{"cameraMode":{"drawMode":0,"name":"Shaded","section":"Shading Mode"},"sceneLighting":true,"audioPlay":false,"sceneViewState":{"showFog":true,"showMaterialUpdate":false,"showSkybox":true,"showFlares":true,"showImageEffects":true,"showParticleSystems":true,"showVisualEffectGraphs":true,"m_FxEnabled":true},"in2DMode":false,"pivot":{"x":139.5688934326172,"y":89.08757781982422,"z":116.68457794189453},"rotation":{"x":-0.017227647826075555,"y":0.9810233116149902,"z":0.16304230690002442,"w":0.10368695855140686},"size":163.69117736816407,"orthographic":false}