{"cameraMode":{"drawMode":0,"name":"Shaded","section":"Shading Mode"},"sceneLighting":true,"audioPlay":false,"sceneViewState":{"showFog":true,"showMaterialUpdate":false,"showSkybox":true,"showFlares":true,"showImageEffects":true,"showParticleSystems":true,"showVisualEffectGraphs":true,"m_FxEnabled":true},"in2DMode":false,"pivot":{"x":-2.867586135864258,"y":26.372234344482423,"z":-17.648395538330079},"rotation":{"x":-0.058724552392959598,"y":0.9210243821144104,"z":-0.3533272445201874,"w":-0.15307848155498506},"size":40.637325286865237,"orthographic":false}