{"cameraMode":{"drawMode":0,"name":"Shaded","section":"Shading Mode"},"sceneLighting":true,"audioPlay":false,"sceneViewState":{"showFog":true,"showMaterialUpdate":false,"showSkybox":true,"showFlares":true,"showImageEffects":true,"showParticleSystems":true,"showVisualEffectGraphs":true,"m_FxEnabled":true},"in2DMode":false,"pivot":{"x":-0.17781734466552735,"y":0.19588565826416017,"z":0.04459667205810547},"rotation":{"x":-0.08559589087963104,"y":0.8988879919052124,"z":-0.2031898945569992,"w":-0.37866607308387759},"size":9.644450187683106,"orthographic":false}