{"cameraMode":{"drawMode":0,"name":"Shaded","section":"Shading Mode"},"sceneLighting":true,"audioPlay":false,"sceneViewState":{"showFog":true,"showMaterialUpdate":false,"showSkybox":true,"showFlares":true,"showImageEffects":true,"showParticleSystems":true,"showVisualEffectGraphs":true,"m_FxEnabled":true},"in2DMode":false,"pivot":{"x":-16.972318649291993,"y":24.340532302856447,"z":4.167391300201416},"rotation":{"x":0.008993124589323998,"y":0.6826895475387573,"z":-0.008405590429902077,"w":0.7306240797042847},"size":6.795762062072754,"orthographic":false}