{"cameraMode":{"drawMode":0,"name":"Shaded","section":"Shading Mode"},"sceneLighting":true,"audioPlay":false,"sceneViewState":{"showFog":true,"showMaterialUpdate":false,"showSkybox":true,"showFlares":true,"showImageEffects":true,"showParticleSystems":true,"showVisualEffectGraphs":true,"m_FxEnabled":true},"in2DMode":false,"pivot":{"x":-5.080753326416016,"y":7.506298542022705,"z":11.858720779418946},"rotation":{"x":-0.002869702409952879,"y":-0.4980945587158203,"z":0.001648670295253396,"w":-0.8671172857284546},"size":21.877513885498048,"orthographic":false}