{"cameraMode":{"drawMode":0,"name":"Shaded","section":"Shading Mode"},"sceneLighting":true,"audioPlay":false,"sceneViewState":{"showFog":true,"showMaterialUpdate":false,"showSkybox":true,"showFlares":true,"showImageEffects":true,"showParticleSystems":true,"showVisualEffectGraphs":true,"m_FxEnabled":true},"in2DMode":false,"pivot":{"x":-0.5066392421722412,"y":6.066287994384766,"z":137.38360595703126},"rotation":{"x":0.059656523168087009,"y":0.005404790863394737,"z":0.00027732388116419315,"w":-0.9982523322105408},"size":14.375356674194336,"orthographic":false}