{"cameraMode":{"drawMode":0,"name":"Shaded","section":"Shading Mode"},"sceneLighting":true,"audioPlay":false,"sceneViewState":{"showFog":true,"showMaterialUpdate":false,"showSkybox":false,"showFlares":true,"showImageEffects":true,"showParticleSystems":true,"showVisualEffectGraphs":true,"m_FxEnabled":true},"in2DMode":false,"pivot":{"x":2.037022352218628,"y":3.9528732299804689,"z":9.543880462646485},"rotation":{"x":-0.06610579043626785,"y":-0.06819876283407211,"z":0.004535560496151447,"w":-0.9954761862754822},"size":12.264334678649903,"orthographic":false}